﻿Rank,EntryId,EntryName,TimeRemaining,Points,Lineup,,Player,Roster Position,%Drafted,FPTS
1,1511906472,smowbo,0,182.25,P Aaron Nola P John Means OF Juan Soto OF Andrew McCutchen SS Trea Turner OF Michael Brantley 3B Josh Donaldson 2B Brendan Rodgers 1B Brandon Belt C Buster Posey,,Pablo López,P,44.44%,18.5
2,1511926182,emiliothedog,3,144.2,P John Means P Pablo López OF Austin Meadows 3B Nolan Arenado SS Trevor Story 1B Rhys Hoskins OF Bryce Harper OF Kevin Kiermaier 2B Brendan Rodgers C Will Smith,,Blake Snell,P,38.89%,14.7
3,1511903907,Aswear3000,0,128.85,P Robbie Ray P Wade Miley OF Austin Meadows OF Andrew McCutchen 2B Brandon Lowe 3B Austin Riley OF Brian Anderson C Blake Swihart SS Willy Adames 1B Yuli Gurriel,,Will Smith,C,24.07%,0
4,1511921868,IndyEdge32,0,126.05,P Aaron Nola P Pablo López 1B Freddie Freeman OF Ronald Acuña Jr. OF Andrew McCutchen 2B Brandon Dixon OF Nicholas Castellanos 3B Josh Donaldson C Jorge Alfaro SS Richie Martin,,Starlin Castro,2B,24.07%,12
5,1511903328,phatboy33rd,0,124.5,P Madison Bumgarner P Kyle Hendricks OF Kris Bryant OF Bryce Harper 3B Josh Donaldson C James McCann OF Niko Goodrum 1B Buster Posey SS Miguel Rojas 2B Starlin Castro,,Walker Buehler,P,24.07%,8.45
6,1511904611,showtime_lezz17,0,120.2,P Blake Snell P Pablo López 1B Rhys Hoskins OF Andrew McCutchen SS Jean Segura C J.T. Realmuto OF Bryce Harper OF Garrett Cooper 3B Martín Prado 2B Starlin Castro,,Austin Meadows,OF,20.37%,14
7,1511931981,packerbackerdale,0,118.85,P Robbie Ray P Wade Miley 2B Whit Merrifield 1B Rhys Hoskins OF Bryce Harper OF Jorge Soler C James McCann OF Kevin Pillar SS Freddy Galvis 3B Yuli Gurriel,,Nolan Arenado,3B,20.37%,7
8,1511912632,orangewinner28,6,115.6,P Noah Syndergaard P Pablo López OF Juan Soto 3B Alex Bregman OF Nicholas Castellanos SS Trea Turner OF Michael Conforto C Kurt Suzuki 2B David Bote 1B Ji-Man Choi,,Addison Russell,SS,18.52%,0
9,1511919060,core101,0,115.25,P Blake Snell P Wade Miley 3B Nolan Arenado SS Trevor Story 1B Miguel Cabrera OF Harold Ramírez OF Lourdes Gurriel Jr. C John Hicks OF Randal Grichuk 2B Brandon Drury,,Trevor Story,SS,16.67%,16
10,1511889683,cutch53,0,112,P Aaron Nola P Ryan Carpenter OF Austin Meadows 3B Nolan Arenado 1B Freddie Freeman SS Trevor Story OF Kevin Kiermaier OF Josh Reddick C Buster Posey 2B Starlin Castro,,Josh Donaldson,3B,16.67%,0
11,1511921688,smh69us,0,109.2,P Blake Snell P Pablo López 3B Nolan Arenado OF Tommy Pham 1B Paul Goldschmidt OF Nick Markakis OF Kyle Schwarber SS Addison Russell C Matt Wieters 2B Starlin Castro,,Freddie Freeman,1B,16.67%,0
12,1511905749,vanessahoskins,3,107.3,P Kyle Hendricks P Pablo López 1B Cody Bellinger 3B Austin Riley OF Nicholas Castellanos 2B César Hernández OF Albert Almora Jr. C Kurt Suzuki OF Eloy Jiménez SS Addison Russell,,Cody Bellinger,1B,16.67%,0
13,1511888369,ss42004,3,107.2,P Blake Snell P Pablo López SS Trevor Story OF Ronald Acuña Jr. OF Andrew McCutchen 3B Josh Donaldson OF Niko Goodrum 2B Nicky Lopez 1B Mark Reynolds C Will Smith,,Hanser Alberto,3B,16.67%,3
13,1511933034,Krusher8,3,107.2,P Blake Snell P Pablo López OF Tim Locastro OF Bryce Harper 3B Justin Turner OF Victor Robles 1B Matt Adams C Chris Iannetta SS Willy Adames 2B Addison Russell,,Yuli Gurriel,1B,14.81%,0
15,1511907936,Baseballdave,3,105.25,P Walker Buehler P Kyle Hendricks OF Austin Riley OF Albert Almora Jr. SS Corey Seager C Chris Iannetta 2B Joe Panik 1B Ji-Man Choi OF Kyle Schwarber 3B Brian Anderson,,Austin Riley,3B,14.81%,23
16,1511899840,jstamp16,6,105.15,P Walker Buehler P John Means 1B Cody Bellinger OF Adam Jones OF Jorge Soler 3B Hanser Alberto OF Albert Almora Jr. 2B Nicky Lopez SS Eric Sogard C Will Smith,,Bryce Harper,OF,12.96%,30
17,1511923874,Tippi,0,104.65,P Robbie Ray P Reynaldo López 3B Eduardo Escobar OF Austin Meadows 1B Renato Núñez OF Avisaíl García OF Austin Riley C Jorge Alfaro SS Addison Russell 2B Lourdes Gurriel Jr.,,Robbie Ray,P,12.96%,7.3
18,1511916929,leepop22,0,101.95,P Pablo López P Ryan Carpenter SS Adalberto Mondesi 2B Whit Merrifield 1B Hunter Dozier OF Alex Gordon OF Tommy Pham OF Jorge Soler 3B Hanser Alberto C Blake Swihart,,Wade Miley,P,12.96%,25.55
19,1511905186,sbunnell,0,100.2,P Blake Snell P Pablo López OF Austin Meadows OF Tommy Pham 2B Brandon Lowe OF Avisaíl García 1B Ji-Man Choi 3B Dawel Lugo SS Miguel Rojas C Danny Jansen,,Ronald Acuña Jr.,OF,11.11%,0
20,1511923211,Rock_G,3,99.95,P Walker Buehler P Pablo López 1B Howie Kendrick OF Marcell Ozuna OF Michael Brantley 3B Josh Donaldson OF Michael Conforto 2B Leury García C Jorge Alfaro SS Addison Russell,,Nicky Lopez,2B,11.11%,19
21,1511909815,XxNinerzDominancexX,6,99.05,P Wade Miley P Pablo López OF Cody Bellinger OF Austin Meadows 1B Freddie Freeman SS Javier Báez 3B Austin Riley OF DJ Stewart 2B Eric Sogard C Will Smith,,Aaron Nola,P,11.11%,29.55
22,1511900898,gvndunphy18,0,98.15,P Blake Snell P Ryan Carpenter OF Adam Jones SS Jean Segura OF Bryce Harper 1B Miguel Cabrera OF Derek Fisher C Blake Swihart 2B Lourdes Gurriel Jr. 3B Yuli Gurriel,,Nick Markakis,OF,11.11%,0
23,1511913292,djclue000,3,97.15,P Madison Bumgarner P Ryan Carpenter 1B Cody Bellinger OF Austin Meadows OF Adam Jones OF Whit Merrifield SS Eric Sogard C Robinson Chirinos 3B Brandon Drury 2B Starlin Castro,,John Means,P,11.11%,23.7
24,1511921617,2HourVacation,0,96.95,P Walker Buehler P Pablo López 1B Rhys Hoskins SS Jean Segura C J.T. Realmuto OF Bryce Harper OF Michael Brantley OF Nick Markakis 3B David Bote 2B Starlin Castro,,Tommy Pham,OF,11.11%,13
25,1511934302,teddykgbba,0,94.2,P John Means P Pablo López SS Eduardo Escobar 1B Renato Núñez OF Trey Mancini 2B Jonathan Villar 3B Hanser Alberto OF David Dahl OF Keon Broxton C Blake Swihart,,Madison Bumgarner,P,11.11%,12.7
26,1511923971,jonboy1171,0,94.15,P Blake Snell P Walker Buehler OF Ronald Acuña Jr. 3B Austin Riley OF Niko Goodrum 1B Ji-Man Choi C John Hicks OF Austin Dean SS Richie Martin 2B Starlin Castro,,Nicholas Castellanos,OF,11.11%,11
27,1511933581,rdamer,6,91.2,P Blake Snell P Pablo López OF Adam Jones 1B Freddie Freeman 2B Ozzie Albies C Carson Kelly 3B Dawel Lugo SS Adeiny Hechavarría OF Carlos Gómez OF Randal Grichuk,,Andrew McCutchen,OF,9.26%,28
28,1511919324,Gil8992,0,90,P Blake Snell P Robbie Ray OF Austin Meadows OF Keon Broxton SS Brendan Rodgers 2B Joe Panik 1B Mark Reynolds OF Harold Ramírez C Buster Posey 3B Brandon Drury,,Joe Panik,2B,9.26%,3
29,1511930672,Aleciscool1,0,86.55,P Génesis Cabrera P Pablo López OF Austin Meadows OF Tommy Pham C Willson Contreras 2B Brandon Lowe 3B Alex Bregman 1B Paul Goldschmidt OF Harrison Bader SS Willy Adames,,Willy Adames,SS,9.26%,7
30,1511916465,jrock0920,0,86.05,P Blake Snell P Reynaldo López SS Trevor Story 1B Rhys Hoskins C J.T. Realmuto 3B Ildemaro Vargas OF Ian Desmond OF Eloy Jiménez OF Austin Dean 2B Starlin Castro,,Harold Ramírez,OF,9.26%,5
31,1511905195,Anthony1327,6,83.05,P Aaron Nola P Pablo López OF Cody Bellinger OF Whit Merrifield SS Javier Báez 3B Alex Bregman OF Michael Brantley 1B Miguel Cabrera 2B Addison Russell C Will Smith,,Garrett Cooper,1B,9.26%,2
32,1511916201,melmarco,0,82,P Walker Buehler P Wade Miley SS Adalberto Mondesi OF Trey Mancini OF Nicholas Castellanos 3B Hanser Alberto 2B Nicky Lopez 1B Ryan O'Hearn C Austin Wynns OF Randal Grichuk,,Carlos Gómez,OF,9.26%,0
33,1511918641,zer0zer0zer0,0,81.15,P Blake Snell P Walker Buehler SS Trevor Story 3B Hanser Alberto OF Ian Desmond OF Josh Reddick 1B Mark Reynolds OF Austin Dean C Martín Maldonado 2B Starlin Castro,,Adam Jones,OF,9.26%,14
34,1511888648,MIKET777,0,80.25,P Blake Snell P Aaron Nola OF Austin Meadows OF Niko Goodrum 2B Joe Panik C Robinson Chirinos SS Willy Adames OF Harold Ramírez 1B Yuli Gurriel 3B Martín Prado,,Jean Segura,SS,9.26%,3
35,1511922787,Mad_Dawg2020,15,78.4,P Blake Snell P Madison Bumgarner 1B Anthony Rizzo C Wilson Ramos OF Kevin Pillar SS Willy Adames 2B Adeiny Hechavarría OF Carlos Gómez OF Matt Beaty 3B Todd Frazier,,Miguel Cabrera,1B,9.26%,0
36,1511905285,billftball,6,77.4,P Blake Snell P Madison Bumgarner OF Michael Brantley 1B Miguel Cabrera C Chris Iannetta 2B Nicky Lopez SS Amed Rosario 3B Maikel Franco OF Austin Dean OF Carlos Gómez,,Rhys Hoskins,1B,9.26%,8
37,1511925251,Kevinspeech,6,76.25,P Wade Miley P John Means OF Cody Bellinger 3B Nolan Arenado 1B Freddie Freeman SS Trevor Story OF Jake Marisnick OF Charlie Tilson 2B Addison Russell C Will Smith,,Whit Merrifield,OF,9.26%,13
38,1511916973,abortle10,6,73.85,P Pablo López P Reynaldo López 1B Cody Bellinger OF Austin Meadows SS Adalberto Mondesi OF Whit Merrifield 3B Yoán Moncada 2B Ozzie Albies OF Ian Desmond C Will Smith,,Michael Brantley,OF,9.26%,10
39,1511914093,hitnethang24,3,71.2,P Blake Snell P Pablo López SS Eduardo Escobar OF Adam Jones OF Tim Locastro 1B Kevin Cron OF Derek Fisher 3B Yuli Gurriel 2B Starlin Castro C Will Smith,,Chris Iannetta,C,9.26%,0
40,1511932498,draftkingneil,3,70.75,P Walker Buehler P Robbie Ray 1B José Abreu 3B Alex Bregman 2B Ronny Rodríguez OF Michael Conforto OF Brian Anderson C Jorge Alfaro SS Freddy Galvis OF Tony Kemp,,Ian Desmond,OF,9.26%,9
41,1511898242,Rushia,0,67.95,P Walker Buehler P Pablo López 1B Freddie Freeman OF Ronald Acuña Jr. SS Dansby Swanson 3B Josh Donaldson OF Nick Markakis 2B Nicky Lopez OF Billy Hamilton C Martín Maldonado,,Niko Goodrum,OF,7.41%,5
42,1511932833,ndesmarais15,0,66.55,P Blake Snell P Glenn Sparkman 3B Nolan Arenado SS Trevor Story OF Raimel Tapia OF Ian Desmond C Chris Iannetta 2B Nicky Lopez OF Josh Reddick 1B Garrett Cooper,,Ryan Carpenter,P,7.41%,8.45
43,1511912995,Abet324,0,66.4,P Aaron Nola P Glenn Sparkman 3B Nolan Arenado SS Trevor Story OF Trey Mancini 2B Hanser Alberto OF David Dahl OF Raimel Tapia C Chris Iannetta 1B Yuli Gurriel,,Buster Posey,C,7.41%,7
44,1511930258,silver28i,0,65.95,P Walker Buehler P Pablo López 3B Eduardo Escobar 1B Freddie Freeman C Carson Kelly 2B Hanser Alberto OF Victor Robles OF Nick Markakis OF Garrett Cooper SS Miguel Rojas,,Randal Grichuk,OF,7.41%,4
45,1511924924,bledsoe2002,3,63.15,P Blake Snell P Walker Buehler 3B Nolan Arenado OF Nicholas Castellanos OF Nick Markakis 1B Ryan O'Hearn OF Harold Ramírez SS Addison Russell 2B Starlin Castro C Will Smith,,Blake Swihart,C,7.41%,7
46,1511900354,geombre,3,62.15,P Blake Snell P Walker Buehler OF Alex Gordon OF Tommy Pham 3B Josh Donaldson 1B Matt Carpenter SS Addison Russell OF Randal Grichuk 2B Starlin Castro C Will Smith,,Ji-Man Choi,1B,7.41%,5
47,1511894002,Uncle_Brian,12,61.15,P Blake Snell P Walker Buehler 3B Nolan Arenado OF DJ Stewart C Wilson Ramos SS Amed Rosario 1B Garrett Cooper OF Carlos Gómez OF Matt Beaty 2B Starlin Castro,,Alex Bregman,3B,7.41%,7
48,1511924632,ddog35,6,60.4,P Blake Snell P Madison Bumgarner OF David Dahl 3B Justin Turner OF DJ Stewart OF Adam Eaton 2B Joe Panik SS Addison Russell 1B Yuli Gurriel C Will Smith,,Austin Dean,OF,7.41%,5
49,1511917911,Grindstaff77,0,60.2,P Madison Bumgarner P Pablo López 3B Nolan Arenado SS Jean Segura OF Nicholas Castellanos 1B Miguel Cabrera C Tyler Flowers 2B Joe Panik OF Derek Fisher OF Harold Ramírez,,Eduardo Escobar,SS,7.41%,0
50,1511922303,papiisiito,6,57,P Robbie Ray P John Means OF Cody Bellinger 3B Nolan Arenado SS Jean Segura 1B Matt Carpenter 2B César Hernández C Tyler Flowers OF Garrett Cooper OF Carlos Gómez,,Jorge Alfaro,C,7.41%,16
51,1511920977,Elway1998,0,53.85,P Robbie Ray P Wade Miley OF Ronald Acuña Jr. OF Tommy Pham OF Dwight Smith Jr. 3B Josh Donaldson SS Ronny Rodríguez C Kurt Suzuki 2B David Bote 1B Yuli Gurriel,,Mark Reynolds,1B,5.56%,6
52,1511923422,PhylRoy,3,45.75,P Kevin Gausman P Pablo López 1B Freddie Freeman 3B Kris Bryant OF Ronald Acuña Jr. SS Javier Báez OF Austin Riley 2B Hanser Alberto OF Nick Markakis C Will Smith,,Josh Reddick,OF,5.56%,2
53,1511931366,airmax245,6,35.75,P Kevin Gausman P Pablo López OF Cody Bellinger 1B Freddie Freeman SS Dansby Swanson OF Austin Riley 3B Josh Donaldson 2B Hanser Alberto OF Ian Desmond C Will Smith,,DJ Stewart,OF,5.56%,0
54,1511908661,IndyGlen,0,0,,,Jorge Soler,OF,5.56%,21
,,,,,,,Albert Almora Jr.,OF,5.56%,3
,,,,,,,Eric Sogard,SS,5.56%,13
,,,,,,,Derek Fisher,OF,5.56%,0
,,,,,,,Lourdes Gurriel Jr.,2B,5.56%,21
,,,,,,,Kyle Hendricks,P,5.56%,29.8
,,,,,,,Miguel Rojas,SS,5.56%,5
,,,,,,,Brandon Lowe,2B,5.56%,12
,,,,,,,Brian Anderson,OF,5.56%,5
,,,,,,,J.T. Realmuto,C,5.56%,4
,,,,,,,Javier Báez,SS,5.56%,5
,,,,,,,Kurt Suzuki,C,5.56%,5
,,,,,,,Brendan Rodgers,2B,5.56%,11
,,,,,,,Michael Conforto,OF,5.56%,2
,,,,,,,David Bote,2B,5.56%,3
,,,,,,,Trey Mancini,OF,5.56%,4
,,,,,,,David Dahl,OF,5.56%,10
,,,,,,,Brandon Drury,3B,5.56%,8
,,,,,,,Adalberto Mondesi,SS,5.56%,0
,,,,,,,Reynaldo López,P,5.56%,0.35
,,,,,,,Robinson Chirinos,C,3.70%,2
,,,,,,,Martín Prado,3B,3.70%,0
,,,,,,,Kevin Kiermaier,OF,3.70%,16
,,,,,,,Wilson Ramos,C,3.70%,0
,,,,,,,Amed Rosario,SS,3.70%,0
,,,,,,,Matt Beaty,OF,3.70%,17
,,,,,,,Dansby Swanson,SS,3.70%,0
,,,,,,,Martín Maldonado,C,3.70%,5
,,,,,,,Alex Gordon,OF,3.70%,8
,,,,,,,Matt Carpenter,1B,3.70%,2
,,,,,,,Kris Bryant,OF,3.70%,14
,,,,,,,James McCann,C,3.70%,9
,,,,,,,Avisaíl García,OF,3.70%,11
,,,,,,,Dawel Lugo,3B,3.70%,3
,,,,,,,César Hernández,2B,3.70%,12
,,,,,,,Eloy Jiménez,OF,3.70%,5
,,,,,,,Juan Soto,OF,3.70%,29
,,,,,,,Trea Turner,SS,3.70%,23
,,,,,,,Kyle Schwarber,OF,3.70%,16
,,,,,,,Glenn Sparkman,P,3.70%,-8.15
,,,,,,,Raimel Tapia,OF,3.70%,5
,,,,,,,Tim Locastro,OF,3.70%,0
,,,,,,,Ryan O'Hearn,1B,3.70%,5
,,,,,,,Ozzie Albies,2B,3.70%,3
,,,,,,,Tyler Flowers,C,3.70%,0
,,,,,,,John Hicks,C,3.70%,14
,,,,,,,Keon Broxton,OF,3.70%,14
,,,,,,,Ronny Rodríguez,SS,3.70%,0
,,,,,,,Paul Goldschmidt,1B,3.70%,5
,,,,,,,Richie Martin,SS,3.70%,7
,,,,,,,Kevin Pillar,OF,3.70%,0
,,,,,,,Adeiny Hechavarría,2B,3.70%,12
,,,,,,,Kevin Gausman,P,3.70%,-17.75
,,,,,,,Renato Núñez,1B,3.70%,12
,,,,,,,Justin Turner,3B,3.70%,5
,,,,,,,Carson Kelly,C,3.70%,22
,,,,,,,Victor Robles,OF,3.70%,7
,,,,,,,Freddy Galvis,SS,3.70%,5
,,,,,,,Billy Hamilton,OF,1.85%,17
,,,,,,,Danny Jansen,C,1.85%,4
,,,,,,,Maikel Franco,3B,1.85%,16
,,,,,,,Brandon Belt,1B,1.85%,21
,,,,,,,Corey Seager,SS,1.85%,12
,,,,,,,Noah Syndergaard,P,1.85%,12.1
,,,,,,,Kevin Cron,1B,1.85%,12
,,,,,,,Austin Wynns,C,1.85%,2
,,,,,,,Ildemaro Vargas,3B,1.85%,12
,,,,,,,Hunter Dozier,1B,1.85%,10
,,,,,,,Yoán Moncada,3B,1.85%,16
,,,,,,,Dwight Smith Jr.,OF,1.85%,0
,,,,,,,Matt Wieters,C,1.85%,23
,,,,,,,Brandon Dixon,2B,1.85%,16
,,,,,,,Anthony Rizzo,1B,1.85%,3
,,,,,,,Todd Frazier,3B,1.85%,12
,,,,,,,Howie Kendrick,1B,1.85%,20
,,,,,,,Marcell Ozuna,OF,1.85%,12
,,,,,,,Leury García,2B,1.85%,13
,,,,,,,Adam Eaton,OF,1.85%,15
,,,,,,,Jake Marisnick,OF,1.85%,0
,,,,,,,Charlie Tilson,OF,1.85%,4
,,,,,,,Génesis Cabrera,P,1.85%,8.05
,,,,,,,Willson Contreras,C,1.85%,2
,,,,,,,Harrison Bader,OF,1.85%,0
,,,,,,,José Abreu,1B,1.85%,18
,,,,,,,Tony Kemp,OF,1.85%,2
,,,,,,,Matt Adams,1B,1.85%,25
,,,,,,,Jonathan Villar,2B,1.85%,2
