﻿Rank,EntryId,EntryName,TimeRemaining,Points,Lineup,,Player,Roster Position,%Drafted,FPTS
1,1511842115,hilljohn960,6,201.8,P Pablo López OF Austin Meadows OF Andrew McCutchen 3B Austin Riley 1B Pete Alonso 2B Max Muncy SS Trea Turner C Carson Kelly OF Charlie Tilson P Aníbal Sánchez,,Blake Snell,P,40.00%,14.7
2,1511914221,smowbo,0,182.25,P Aaron Nola P John Means OF Juan Soto OF Andrew McCutchen SS Trea Turner OF Michael Brantley 3B Josh Donaldson 2B Brendan Rodgers 1B Brandon Belt C Buster Posey,,Pablo López,P,30.71%,18.5
3,1511921131,billftball,3,150.35,P Kyle Hendricks P Aaron Nola OF Cody Bellinger 1B Matt Adams C Kurt Suzuki OF Jason Heyward OF Kyle Schwarber SS Freddy Galvis 2B Lourdes Gurriel Jr. 3B Maikel Franco,,Walker Buehler,P,25.00%,8.45
4,1511917519,peiprophet,0,149.25,P Wade Miley P John Means SS Eduardo Escobar OF Alex Gordon 3B Alex Bregman OF Bryce Harper 2B César Hernández 1B Paul Goldschmidt OF Adam Eaton C Matt Wieters,,Will Smith,C,23.57%,0
5,1511849927,mr.forty4,0,145.05,P Wade Miley P Pablo López OF Adam Jones 1B Freddie Freeman SS Trevor Story OF Juan Soto 3B Ildemaro Vargas C Blake Swihart 2B Lourdes Gurriel Jr. OF Garrett Cooper,,Addison Russell,SS,20.71%,0
6,1511855852,snalepka,0,135.2,P John Means P Pablo López OF Austin Meadows 3B Nolan Arenado SS Trevor Story 1B José Abreu 2B Brandon Lowe C Chris Iannetta OF Lourdes Gurriel Jr. OF Austin Dean,,Starlin Castro,2B,20.71%,12
7,1511825419,b.mike26,0,132.4,P Aaron Nola P Jeff Hoffman OF Austin Meadows 1B Renato Núñez C J.T. Realmuto OF Bryce Harper OF Michael Brantley 2B César Hernández 3B Yuli Gurriel SS Brandon Crawford,,Austin Meadows,OF,17.14%,14
8,1511759516,Astros7,0,132.2,P John Means P Pablo López 3B Anthony Rendon 1B Freddie Freeman OF Ronald Acuña Jr. OF Tommy Pham SS Trea Turner 2B Hanser Alberto OF Kyle Schwarber C Jorge Alfaro,,Austin Riley,3B,16.43%,23
9,1511854681,Ruffin_Playaz,0,130.35,P Kyle Hendricks P Aaron Nola 3B Nolan Arenado C Willson Contreras SS Javier Báez OF Kyle Schwarber 1B Mark Reynolds OF Lourdes Gurriel Jr. OF Garrett Cooper 2B Starlin Castro,,Hanser Alberto,2B,15.71%,3
10,1511799741,mommaisthebomb,0,126.05,P Aaron Nola P Pablo López 1B Freddie Freeman OF Ronald Acuña Jr. OF Andrew McCutchen 2B Brandon Dixon OF Nicholas Castellanos 3B Josh Donaldson C Jorge Alfaro SS Richie Martin,,Garrett Cooper,OF,15.71%,2
11,1511863906,jne23,0,123.9,P Aaron Nola P Reynaldo López OF Whit Merrifield OF Kris Bryant 3B Austin Riley SS Trea Turner 2B Ozzie Albies 1B Miguel Cabrera OF Kyle Schwarber C Robinson Chirinos,,Freddie Freeman,1B,15.00%,0
12,1511821309,arywolt,3,123.2,P Blake Snell P Pablo López 1B Freddie Freeman SS Trevor Story OF Austin Riley OF Nicholas Castellanos 3B Ildemaro Vargas OF Kyle Schwarber 2B Starlin Castro C Will Smith,,Robbie Ray,P,14.29%,7.3
13,1511849249,jeff08,3,123.05,P Aaron Nola P Pablo López 3B Hunter Dozier 1B Rhys Hoskins SS Jean Segura C J.T. Realmuto OF Bryce Harper 2B David Bote OF Derek Fisher OF Matt Beaty,,Wade Miley,P,14.29%,25.55
14,1511881171,was17,6,123,P Blake Snell P Robbie Ray 1B Freddie Freeman OF Juan Soto OF Tommy Pham 3B Austin Riley SS Willy Adames OF Matt Beaty 2B Starlin Castro C Will Smith,,Aaron Nola,P,12.86%,29.55
15,1511756274,dbgunner,0,121.2,P Blake Snell P Pablo López 1B Rhys Hoskins OF Tommy Pham 3B Austin Riley OF Adam Eaton C Tyler Flowers 2B Nicky Lopez OF Harold Ramírez SS Miguel Rojas,,Ildemaro Vargas,2B,12.86%,12
16,1511852013,rmac_24,9,120.25,P Wade Miley P John Means 1B Cody Bellinger OF Marcell Ozuna 3B Alex Bregman 2B Max Muncy OF Michael Brantley SS Corey Seager C Robinson Chirinos OF Lourdes Gurriel Jr.,,John Means,P,12.14%,23.7
17,1511808901,chrisw8,0,118.95,P Walker Buehler P Pablo López OF Kris Bryant OF Andrew McCutchen 3B Austin Riley OF Michael Brantley 2B Hanser Alberto 1B Miguel Cabrera SS Addison Russell C John Hicks,,Nolan Arenado,3B,12.14%,7
18,1511778490,packerbackerdale,0,118.85,P Robbie Ray P Wade Miley 2B Whit Merrifield 1B Rhys Hoskins OF Bryce Harper OF Jorge Soler C James McCann OF Kevin Pillar SS Freddy Galvis 3B Yuli Gurriel,,Trea Turner,SS,12.14%,23
19,1511795896,mccubbint,0,117.2,P Blake Snell P Pablo López OF Andrew McCutchen C J.T. Realmuto OF Bryce Harper SS Ronny Rodríguez 1B Miguel Cabrera OF Niko Goodrum 3B Brian Anderson 2B Starlin Castro,,Tommy Pham,OF,12.14%,13
20,1511771120,ChronicBreak,3,117,P Robbie Ray P John Means OF Adam Jones OF Kris Bryant OF Juan Soto SS Tim Anderson C Wilson Ramos 2B Addison Russell 3B Maikel Franco 1B Garrett Cooper,,Nicholas Castellanos,OF,11.43%,11
21,1511864594,albear51,3,116.15,P Kyle Hendricks P Reynaldo López SS Adalberto Mondesi 3B Hunter Dozier 1B José Abreu OF Nicholas Castellanos OF Michael Brantley 2B Leury García C Buster Posey OF Matt Beaty,,Yuli Gurriel,3B,11.43%,0
22,1511893802,yield51,0,115.55,P Madison Bumgarner P Jeff Hoffman 1B Anthony Rizzo 3B Yoán Moncada SS Javier Báez OF Jorge Soler C James McCann OF Eloy Jiménez OF Kyle Schwarber 2B Starlin Castro,,Brian Anderson,OF,11.43%,5
23,1511931976,trixgold,0,114.15,P Walker Buehler P John Means OF Juan Soto SS Jean Segura 1B Kevin Cron 3B Josh Donaldson OF Adam Eaton 2B Brendan Rodgers OF Harold Ramírez C Buster Posey,,Niko Goodrum,OF,11.43%,5
24,1511896053,pokey1,3,113.95,P Walker Buehler P Pablo López OF Austin Meadows 1B Renato Núñez OF Andrew McCutchen SS Nick Ahmed 3B Scott Kingery OF Ian Desmond 2B Addison Russell C Will Smith,,Kris Bryant,OF,11.43%,14
25,1511784586,sandhogs,3,113.25,P Wade Miley P John Means OF Austin Meadows 3B Hunter Dozier 1B Trey Mancini SS Dansby Swanson OF Andrew McCutchen 2B Hanser Alberto OF Niko Goodrum C Will Smith,,Madison Bumgarner,P,11.43%,12.7
26,1511866151,mds1080,0,113.05,P Blake Snell P Reynaldo López OF Adam Jones OF Andrew McCutchen OF Bryce Harper 3B Ildemaro Vargas 1B Paul Goldschmidt 2B Addison Russell C Austin Wynns SS Richie Martin,,Reynaldo López,P,10.71%,0.35
27,1511873304,nmorgan1,3,111.25,P Madison Bumgarner P Aaron Nola OF Cody Bellinger 3B Anthony Rendon 1B Justin Smoak OF Brandon Belt SS Addison Russell OF Randal Grichuk C Martín Maldonado 2B Starlin Castro,,Michael Brantley,OF,10.71%,10
28,1511802497,simms1981,0,111.2,P Blake Snell P Pablo López OF Kris Bryant 3B Yoán Moncada OF Michael Brantley OF Eloy Jiménez 2B Nicky Lopez SS Addison Russell 1B Yonder Alonso C John Hicks,,Andrew McCutchen,OF,10.71%,28
29,1511800282,SJ-LA18,3,111.05,P Madison Bumgarner P Reynaldo López OF Joc Pederson 3B Austin Riley SS Trea Turner 2B César Hernández 1B Paul Goldschmidt OF Ian Desmond OF Brandon Belt C Kurt Suzuki,,Ian Desmond,OF,10.00%,9
29,1511880955,Dirks_Knee,0,111.05,P Wade Miley P Pablo López OF Austin Meadows 3B Nolan Arenado OF Tommy Pham OF Austin Riley 1B Paul Goldschmidt C Tyler Flowers SS Freddy Galvis 2B Addison Russell,,David Bote,3B,9.29%,3
31,1511858789,Edlombardo1,3,110.3,P Walker Buehler P Jeff Hoffman OF Juan Soto 1B José Abreu 3B Alex Bregman 2B Ozzie Albies SS Corey Seager OF Adam Eaton C Chris Iannetta OF Tony Kemp,,Josh Donaldson,3B,9.29%,0
32,1511765596,Rushia,0,109.15,P Blake Snell P Walker Buehler OF Jorge Soler 3B David Bote OF Kyle Schwarber 2B Nicky Lopez OF Billy Hamilton 1B Ryan O'Hearn SS Addison Russell C Martín Maldonado,,Cody Bellinger,1B,9.29%,0
33,1511919071,Barcode_Joe,6,108.65,P Noah Syndergaard P Aaron Nola OF Tim Locastro 2B Brandon Lowe 1B Brandon Dixon OF Kevin Kiermaier OF Ian Desmond SS Amed Rosario C John Hicks 3B Martín Prado,,Trevor Story,SS,9.29%,16
34,1511853686,lesparza209,3,108,P Walker Buehler P Wade Miley OF Austin Meadows OF Avisaíl García 3B Austin Riley 2B David Bote C Jorge Alfaro OF Harold Ramírez SS Amed Rosario 1B Garrett Cooper,,Jorge Alfaro,C,8.57%,16
35,1511908265,djclue000,3,107.65,P Noah Syndergaard P Aaron Nola OF Marcell Ozuna 1B Rhys Hoskins C J.T. Realmuto OF Bryce Harper SS Addison Russell 3B Yuli Gurriel OF Randal Grichuk 2B Yolmer Sánchez,,Paul Goldschmidt,1B,8.57%,5
36,1511866968,FTAsports,0,107.25,P Blake Snell P Wade Miley OF Ronald Acuña Jr. 3B Austin Riley OF Niko Goodrum C Blake Swihart OF Christin Stewart 2B Nicky Lopez 1B Mark Reynolds SS Richie Martin,,Eduardo Escobar,3B,8.57%,0
37,1511808407,NAPPERS2636,0,107.1,P Aaron Nola P Wade Miley OF Alex Gordon 3B Alex Bregman OF Austin Riley C James McCann OF DJ Stewart 2B David Bote SS Addison Russell 1B Garrett Cooper,,Tim Locastro,OF,8.57%,0
38,1511836126,hawgtcd,3,106.25,P Blake Snell P Aaron Nola 2B Brandon Lowe OF Austin Riley 1B Paul Goldschmidt OF Nick Markakis OF Ian Desmond SS Miguel Rojas 3B Brandon Drury C Will Smith,,Alex Gordon,OF,7.86%,8
39,1511880998,upcountryraptor,0,106.2,P Blake Snell P Pablo López OF Alex Gordon SS Nick Ahmed 1B Kevin Cron 2B Ildemaro Vargas C Carson Kelly OF Ian Desmond OF Blake Swihart 3B Nolan Gorman,,Jonathan Villar,SS,7.86%,2
40,1511931916,Tippi,0,105.65,P Robbie Ray P Reynaldo López OF Austin Meadows OF Marcell Ozuna SS Javier Báez 2B Brandon Lowe OF Avisaíl García 3B Austin Riley C Jorge Alfaro 1B Rowdy Tellez,,Josh Reddick,OF,7.86%,2
41,1511918614,bambit39,0,104.55,P John Means P Jeff Hoffman 3B Nolan Arenado 1B Freddie Freeman SS Trevor Story OF Marcell Ozuna OF Jorge Soler OF Raimel Tapia C Robinson Chirinos 2B Yairo Muñoz,,Derek Fisher,OF,7.86%,0
42,1511931645,RoyDHinds,3,104.4,P Wade Miley P Jeff Hoffman OF Joc Pederson OF Ronald Acuña Jr. 1B José Abreu OF Andrew McCutchen 3B Pablo Sandoval 2B César Hernández C Tyler Flowers SS Yairo Muñoz,,Blake Swihart,C,7.86%,7
43,1511858561,TaylorMoss,3,102,P Blake Snell P Robbie Ray SS Jonathan Villar OF Andrew McCutchen OF Jorge Soler OF Niko Goodrum 3B Brian Anderson 2B Nicky Lopez 1B Yonder Alonso C Will Smith,,Trey Mancini,OF,7.14%,4
44,1511846740,boilerfan17,0,101.95,P Walker Buehler P Pablo López OF Whit Merrifield 3B Kris Bryant 1B Trey Mancini OF Nicholas Castellanos OF Scott Kingery SS Willy Adames 2B Addison Russell C Martín Maldonado,,J.T. Realmuto,C,7.14%,4
45,1511794673,johnson119,6,101.9,P Noah Syndergaard P Kyle Hendricks SS Javier Báez 3B Austin Riley 2B Brandon Dixon OF Nicholas Castellanos 1B Miguel Cabrera OF Niko Goodrum OF Christin Stewart C Will Smith,,Juan Soto,OF,7.14%,29
46,1511921193,Elway1998,0,100.85,P Robbie Ray P Wade Miley OF Juan Soto OF Alex Gordon 3B Alex Bregman SS Ronny Rodríguez 1B Miguel Cabrera OF Brandon Belt 2B David Bote C Chris Iannetta,,Brendan Rodgers,2B,7.14%,11
47,1511923109,Rock_G,3,99.95,P Walker Buehler P Pablo López 1B Howie Kendrick OF Marcell Ozuna OF Michael Brantley 3B Josh Donaldson OF Michael Conforto 2B Leury García C Jorge Alfaro SS Addison Russell,,Harold Ramírez,OF,7.14%,5
48,1511825446,markmerg,0,99.55,P Blake Snell P Jeff Hoffman OF Whit Merrifield OF Alex Gordon 3B Scott Kingery OF Ian Desmond 2B Brendan Rodgers 1B Miguel Cabrera C Chris Iannetta SS Richie Martin,,Robinson Chirinos,C,7.14%,2
49,1511837577,earl01,3,99.4,P Blake Snell P Madison Bumgarner 3B Austin Riley SS Trea Turner OF Jason Heyward OF Derek Fisher 2B Addison Russell OF Lourdes Gurriel Jr. 1B Garrett Cooper C Will Smith,,Kevin Gausman,P,7.14%,-17.75
49,1511864245,bobbyk_410,0,99.4,P Blake Snell P John Means SS Eduardo Escobar 1B Rhys Hoskins OF Andrew McCutchen C Blake Swihart OF Josh Reddick 3B Yuli Gurriel OF Randal Grichuk 2B Starlin Castro,,Rhys Hoskins,1B,6.43%,8
51,1511930831,jonboy1171,0,98.95,P Walker Buehler P Pablo López 3B Howie Kendrick OF Tim Locastro 1B Kevin Cron 2B Ildemaro Vargas OF David Dahl C Kurt Suzuki OF Christin Stewart SS Eric Sogard,,Tyler Flowers,C,6.43%,0
52,1511840102,Longbombtom,3,98.25,P Blake Snell P Aaron Nola 1B Rhys Hoskins SS Trea Turner 2B Brendan Rodgers OF Eloy Jiménez OF Brian Anderson OF Josh Reddick 3B Yuli Gurriel C Will Smith,,Mark Reynolds,1B,6.43%,6
53,1511914703,showtime_lezz17,0,98.2,P Blake Snell P Pablo López 2B Brandon Dixon OF Nicholas Castellanos SS Ronny Rodríguez 3B Hanser Alberto OF DJ Stewart 1B Miguel Cabrera OF Lourdes Gurriel Jr. C John Hicks,,Ronald Acuña Jr.,OF,6.43%,0
54,1511886507,mslagle45,0,97.8,P Kevin Gausman P Wade Miley 1B Freddie Freeman OF Tommy Pham 3B Austin Riley OF Kevin Kiermaier 2B Ozzie Albies OF Keon Broxton SS Willy Adames C John Hicks,,Kyle Schwarber,OF,6.43%,16
55,1511903497,tylerbates13,0,97.75,P Walker Buehler P Robbie Ray OF Austin Meadows OF Kris Bryant 3B Austin Riley OF Jason Heyward SS Addison Russell 2B Lourdes Gurriel Jr. 1B Garrett Cooper C Martín Maldonado,,Martín Maldonado,C,6.43%,5
56,1511746559,BeenThereDabThat1989,3,97.05,P Blake Snell P Reynaldo López 1B Freddie Freeman OF Juan Soto 3B Alex Bregman SS Trea Turner OF Michael Brantley 2B Brendan Rodgers OF Garrett Cooper C Will Smith,,DJ Stewart,OF,6.43%,0
57,1511837703,BIGtymah95,0,96.25,P Blake Snell P Wade Miley 2B Brandon Lowe 3B Josh Donaldson OF Adam Eaton OF Ian Desmond OF Blake Swihart C Robinson Chirinos 1B Mark Reynolds SS Brandon Crawford,,Buster Posey,C,6.43%,7
58,1511919835,IndyEdge32,0,95.95,P Walker Buehler P Pablo López OF Austin Meadows 3B Nolan Arenado SS Trevor Story OF Ian Desmond C Tyler Flowers 1B Mark Reynolds OF Harold Ramírez 2B Starlin Castro,,John Hicks,C,6.43%,14
59,1511872822,campam9,0,95.75,P Walker Buehler P Robbie Ray OF Andrew McCutchen 2B Ildemaro Vargas 1B Matt Carpenter 3B Hanser Alberto OF Keon Broxton OF Brian Anderson C Jorge Alfaro SS Addison Russell,,Lourdes Gurriel Jr.,OF,6.43%,21
60,1511925505,Mebnoor,3,95.25,P Blake Snell P Wade Miley OF Alex Gordon OF Avisaíl García OF Nicholas Castellanos 2B Eric Sogard C Robinson Chirinos SS Amed Rosario 1B Garrett Cooper 3B Brandon Drury,,Nick Markakis,OF,5.71%,0
61,1511842487,Zmanbamafan,3,95.15,P Madison Bumgarner P Walker Buehler 1B Max Muncy OF Leury García OF Scott Kingery 2B Brendan Rodgers C Kurt Suzuki OF Charlie Tilson SS Freddy Galvis 3B Brandon Drury,,Jonathan Davis,OF,5.71%,3
61,1511802175,stillbill82,0,95.15,P Madison Bumgarner P Walker Buehler SS Paul DeJong 1B Brandon Dixon C James McCann 3B Scott Kingery OF Charlie Tilson OF Josh Reddick OF Harold Ramírez 2B Starlin Castro,,Nicky Lopez,2B,5.71%,19
63,1511778518,tkathe,0,94.4,P Madison Bumgarner P John Means 3B Kris Bryant 1B Trey Mancini OF Andrew McCutchen SS Jean Segura OF Niko Goodrum OF Derek Fisher 2B Addison Russell C Danny Jansen,,Javier Báez,SS,5.71%,5
64,1511859993,ImaginaryLover,3,93.95,P Walker Buehler P Pablo López SS Eduardo Escobar OF Austin Meadows 3B Nolan Arenado OF Juan Soto 1B Niko Goodrum OF Dexter Fowler 2B Starlin Castro C Will Smith,,Whit Merrifield,2B,5.71%,13
65,1511875660,ciaranhanleyuk,3,93.2,P Blake Snell P Pablo López 1B Freddie Freeman SS Trevor Story OF Nicholas Castellanos OF Nick Markakis OF Ian Desmond 3B Brian Anderson 2B Nicky Lopez C Will Smith,,Bryce Harper,OF,5.71%,30
66,1511884063,Slimiz,0,93.15,P Madison Bumgarner P Ryan Carpenter OF Adam Jones OF Kris Bryant OF Tommy Pham SS Paul DeJong 2B Ildemaro Vargas 3B Brian Anderson C Buster Posey 1B Garrett Cooper,,James McCann,C,5.71%,9
67,1511898624,ck2500,0,92.8,P Aaron Nola P Kevin Gausman OF Whit Merrifield OF Trey Mancini 3B Yoán Moncada OF Kevin Kiermaier SS Eric Sogard C Buster Posey 1B Yonder Alonso 2B Starlin Castro,,Willy Adames,SS,5.71%,7
68,1511815576,THEWEASEL,3,92.4,P Noah Syndergaard P Robbie Ray 3B Nolan Arenado SS Trevor Story OF Austin Riley 1B Paul Goldschmidt 2B Eric Sogard C Robinson Chirinos OF Randal Grichuk OF Jonathan Davis,,Austin Dean,OF,5.71%,5
69,1511881997,ndesmarais15,0,92.05,P Blake Snell P Reynaldo López 3B Nolan Arenado OF Adam Jones SS Trevor Story OF Brian Anderson C Jorge Alfaro 1B Garrett Cooper OF Austin Dean 2B Starlin Castro,,Kevin Cron,1B,5.71%,12
70,1511829440,neilbaby3,0,91.2,P Blake Snell P Pablo López OF Alex Gordon OF Tommy Pham C J.T. Realmuto OF Kevin Kiermaier 3B Hanser Alberto SS Addison Russell 1B Garrett Cooper 2B Starlin Castro,,Miguel Cabrera,1B,5.71%,0
70,1511880265,AndrewM2323,0,91.2,P Blake Snell P Pablo López 1B Freddie Freeman 3B Kris Bryant OF Austin Riley OF Nick Markakis SS Addison Russell C Buster Posey OF Garrett Cooper 2B Starlin Castro,,Hunter Dozier,3B,5.00%,10
72,1511923307,billyg3324,3,91.15,P Blake Snell P Walker Buehler OF Bryce Harper SS Trea Turner 1B Paul Goldschmidt 2B David Bote OF Harold Ramírez 3B Yuli Gurriel OF Garrett Cooper C Will Smith,,Alex Bregman,3B,5.00%,7
73,1511849734,mid-markets,0,91,P Madison Bumgarner P Robbie Ray SS Trea Turner OF Michael Brantley 2B Ozzie Albies 3B Josh Donaldson 1B Ji-Man Choi OF Josh Reddick C Buster Posey OF Lourdes Gurriel Jr.,,Adam Jones,OF,5.00%,14
74,1511781470,BrianSkibo,0,90.25,P Kyle Hendricks P Ryan Carpenter 1B Anthony Rizzo 3B Kris Bryant OF Tommy Pham SS Javier Báez C James McCann 2B David Bote OF Jason Heyward OF Josh Reddick,,Leury García,2B,5.00%,13
75,1511870591,bdskalski,0,89.2,P Blake Snell P Pablo López 3B Nolan Arenado OF Whit Merrifield OF Nicholas Castellanos 1B Paul Goldschmidt SS Addison Russell C John Hicks 2B Daniel Robertson OF Jonathan Davis,,Matt Beaty,OF,5.00%,17
76,1511886061,Robd37,3,88.75,P Kevin Gausman P Pablo López OF Cody Bellinger OF Tommy Pham OF Austin Riley SS Trea Turner 2B Hanser Alberto 1B Paul Goldschmidt 3B Brian Anderson C Jorge Alfaro,,Jeff Hoffman,P,5.00%,15.85
77,1511748256,2HourVacation,3,88.05,P Aaron Nola P Pablo López OF Austin Meadows 1B Freddie Freeman OF Nicholas Castellanos OF Nick Markakis 3B David Bote SS Addison Russell 2B Starlin Castro C Will Smith,,Brandon Lowe,2B,4.29%,12
77,1511795107,winnersedge16,0,88.05,P Blake Snell P Reynaldo López SS Trevor Story OF Tim Locastro 1B Kevin Cron 3B Ildemaro Vargas OF Ian Desmond OF Eloy Jiménez C Blake Swihart 2B Starlin Castro,,Keon Broxton,OF,4.29%,14
79,1511797849,coltsfan18,0,87.95,P Walker Buehler P Pablo López SS Adalberto Mondesi 3B Hunter Dozier OF Alex Gordon C James McCann OF Leury García OF Charlie Tilson 1B Ryan O'Hearn 2B Starlin Castro,,Adam Eaton,OF,4.29%,15
80,1511757429,Buffwitstuff,0,87.2,P Blake Snell P Pablo López OF Austin Meadows SS Adalberto Mondesi 3B Josh Donaldson 1B Ji-Man Choi OF Brian Anderson C Jorge Alfaro OF Garrett Cooper 2B Starlin Castro,,Jorge Soler,OF,4.29%,21
81,1511790459,swill1050,0,86.2,P Blake Snell P Pablo López OF Austin Meadows OF Tommy Pham SS Brendan Rodgers C Chris Iannetta 1B Ji-Man Choi 3B Brian Anderson OF Garrett Cooper 2B Daniel Robertson,,Brandon Crawford,SS,4.29%,5
82,1511827437,boconnor24,3,86,P Walker Buehler P Wade Miley 3B Eduardo Escobar 1B Freddie Freeman SS Trevor Story 2B Brendan Rodgers C Chris Iannetta OF Austin Dean OF Matt Beaty OF Jonathan Davis,,Martín Prado,3B,4.29%,0
83,1511895712,beamet,0,85.8,P Robbie Ray P Pablo López OF Tim Locastro 3B Yoán Moncada SS Nick Ahmed 1B Kevin Cron 2B Ildemaro Vargas C James McCann OF JaCoby Jones OF Eloy Jiménez,,Chris Iannetta,C,4.29%,0
84,1511746018,mnieder,0,85.25,P Aaron Nola P John Means 3B Nolan Arenado 1B Trey Mancini C J.T. Realmuto OF Nicholas Castellanos 2B Hanser Alberto OF Nick Markakis SS Addison Russell OF Jonathan Davis,,Richie Martin,SS,4.29%,7
85,1511907430,SwollenHeap,3,85.2,P Blake Snell P Pablo López 3B Nolan Arenado 1B Freddie Freeman SS Trevor Story OF Albert Almora Jr. OF Ian Desmond OF Brian Anderson 2B Starlin Castro C Will Smith,,César Hernández,2B,4.29%,12
86,1511874896,jreiter99,3,84.45,P Noah Syndergaard P Reynaldo López OF Ronald Acuña Jr. SS Tim Anderson 3B Howie Kendrick 2B Jonathan Villar OF Tommy Pham C Jorge Alfaro OF Steven Duggar 1B Rowdy Tellez,,Yonder Alonso,1B,4.29%,0
87,1511794392,dominicanking5,0,84.05,P Wade Miley P Pablo López 1B Trey Mancini 2B Jonathan Villar SS Dansby Swanson OF Tommy Pham OF Avisaíl García OF Michael Brantley C Tyler Flowers 3B Yuli Gurriel,,Marcell Ozuna,OF,4.29%,12
88,1511906222,Daveanton9,0,83.4,P Blake Snell P Madison Bumgarner OF Nick Markakis OF Brandon Belt 3B David Bote OF Josh Reddick 1B Mark Reynolds SS Willy Adames C John Hicks 2B Daniel Robertson,,Adalberto Mondesi,SS,3.57%,0
89,1511895585,duma1300,0,83.05,P Aaron Nola P Pablo López 3B Nolan Arenado OF Ronald Acuña Jr. 2B Jonathan Villar OF Raimel Tapia C Tyler Flowers 1B Niko Goodrum OF Kyle Schwarber SS Addison Russell,,Ji-Man Choi,1B,3.57%,5
90,1511817828,pink55,0,82,P Blake Snell P Robbie Ray SS Tim Anderson OF Tommy Pham C James McCann 1B Paul Goldschmidt OF Brian Anderson OF Harold Ramírez 3B Martín Prado 2B Starlin Castro,,Kevin Kiermaier,OF,3.57%,16
91,1511905869,rayyay,6,81,P Madison Bumgarner P Robbie Ray OF Cody Bellinger 3B Kris Bryant OF Tommy Pham 1B Matt Adams SS Willy Adames 2B Addison Russell OF Tony Kemp C Will Smith,,Kyle Hendricks,P,3.57%,29.8
92,1511859368,avigoldstein15,0,80.25,P Blake Snell P Wade Miley 1B Freddie Freeman OF Ronald Acuña Jr. SS Trea Turner 2B Yairo Muñoz C Buster Posey 3B Yuli Gurriel OF Austin Dean OF Jonathan Davis,,Ryan Carpenter,P,3.57%,8.45
92,1511888631,MIKET777,0,80.25,P Blake Snell P Aaron Nola OF Austin Meadows OF Niko Goodrum 2B Joe Panik C Robinson Chirinos SS Willy Adames OF Harold Ramírez 1B Yuli Gurriel 3B Martín Prado,,Jason Heyward,OF,3.57%,3
94,1511861936,spencerblanchfield12,3,80.2,P Blake Snell P Pablo López OF Kris Bryant SS Jonathan Villar 2B Ildemaro Vargas 3B Josh Donaldson OF Keon Broxton 1B Niko Goodrum OF Derek Fisher C Will Smith,,Ronny Rodríguez,2B,3.57%,0
95,1511821403,AZGator12,0,80.15,P Madison Bumgarner P Walker Buehler SS Trea Turner OF Michael Brantley 1B Paul Goldschmidt OF DJ Stewart OF Mike Yastrzemski 2B Addison Russell 3B Maikel Franco C Martín Maldonado,,Joc Pederson,OF,3.57%,0
96,1511848917,MSUspartan25000,0,79.4,P Blake Snell P John Means OF Kris Bryant OF Michael Brantley 2B César Hernández 3B Hanser Alberto OF Derek Fisher SS Addison Russell 1B Yuli Gurriel C Austin Wynns,,Daniel Robertson,2B,3.57%,3
97,1511898866,alik0789,3,78.2,P Blake Snell P Pablo López 3B Eduardo Escobar OF Tim Locastro 1B Kevin Cron 2B Ildemaro Vargas OF DJ Stewart OF Keon Broxton SS Richie Martin C Will Smith,,Nick Ahmed,SS,3.57%,3
98,1511815094,maddawg913,0,77.15,P Walker Buehler P John Means 1B Freddie Freeman OF Andrew McCutchen 3B Josh Donaldson 2B César Hernández OF Nick Markakis OF DJ Stewart C Tyler Flowers SS Brandon Crawford,,Noah Syndergaard,P,3.57%,12.1
99,1511862455,tsilva71,12,76.8,P Kevin Gausman P Wade Miley OF Cody Bellinger OF Austin Meadows OF Joc Pederson 1B Rhys Hoskins 3B Austin Riley SS Adeiny Hechavarría 2B Starlin Castro C Will Smith,,Brandon Dixon,2B,3.57%,16
100,1511790083,torkelson,3,76.3,P Glenn Sparkman P Ryan Carpenter OF Ketel Marte 3B Anthony Rendon OF Joc Pederson 1B Hunter Dozier OF Juan Soto SS Javier Báez 2B Leury García C Yadier Molina,,Eloy Jiménez,OF,3.57%,5
101,1511863596,cpanther23,3,75.8,P Reynaldo López P Ryan Carpenter OF Cody Bellinger OF Austin Meadows 3B Nolan Arenado SS Trevor Story C J.T. Realmuto OF Ian Desmond 2B Brendan Rodgers 1B Mark Reynolds,,Brandon Belt,OF,3.57%,21
102,1511848741,Deez7469,0,75.75,P Walker Buehler P Robbie Ray 1B Freddie Freeman SS Trea Turner 3B Ildemaro Vargas 2B Ronny Rodríguez OF Adam Eaton OF Niko Goodrum OF Austin Dean C Erik Kratz,,Kurt Suzuki,C,3.57%,5
103,1511866483,maylee22,6,74.4,P Blake Snell P Madison Bumgarner OF Austin Meadows 3B David Bote 2B Joe Panik 1B Ji-Man Choi OF Derek Fisher SS Brandon Crawford OF Matt Beaty C Will Smith,,Scott Kingery,3B,3.57%,21
104,1511819800,gregoryoz,6,74.15,P Blake Snell P Walker Buehler OF Nicholas Castellanos 2B Hanser Alberto SS Corey Seager OF JaCoby Jones OF Niko Goodrum 3B Dawel Lugo 1B John Hicks C Will Smith,,Yoán Moncada,3B,3.57%,16
105,1511853237,jimmyballgame47,6,73.55,P John Means P Jeff Hoffman OF Cody Bellinger SS Tim Anderson OF Marcell Ozuna 2B Max Muncy 3B Josh Donaldson C Robinson Chirinos 1B Yonder Alonso OF Garrett Cooper,,Randal Grichuk,OF,3.57%,4
106,1511784523,SSchus87,0,73.15,P Walker Buehler P John Means OF Whit Merrifield 1B Trey Mancini SS Jonathan Villar 2B Hanser Alberto 3B Brian Anderson C Blake Swihart OF Garrett Cooper OF Austin Dean,,Corey Seager,SS,3.57%,12
107,1511824727,alecedmisten,3,72.15,P Blake Snell P Walker Buehler OF Cody Bellinger SS Trea Turner OF DJ Stewart 3B Yuli Gurriel OF Randal Grichuk C Martín Maldonado 1B Tyler White 2B Starlin Castro,,Glenn Sparkman,P,2.86%,-8.15
107,1511845121,kangaroodrew32,3,72.15,P Blake Snell P Walker Buehler OF Tim Locastro SS Nick Ahmed 1B Kevin Cron 3B Ildemaro Vargas OF Blake Swihart OF Jonathan Davis 2B Starlin Castro C Will Smith,,Renato Núñez,1B,2.86%,12
109,1511846172,gkillianjr,3,72.05,P Trent Thornton P Wade Miley SS Eduardo Escobar 1B Rhys Hoskins C J.T. Realmuto 3B Ildemaro Vargas OF Michael Conforto OF DJ Stewart OF Derek Fisher 2B Starlin Castro,,Anthony Rendon,3B,2.86%,19
110,1511863569,melmarco,3,71.4,P Blake Snell P John Means 1B Hunter Dozier OF Trey Mancini SS Jonathan Villar 2B Hanser Alberto OF DJ Stewart OF Keon Broxton 3B Martín Prado C Will Smith,,Ryan O'Hearn,1B,2.86%,5
111,1511759292,lukeh14,0,71.15,P Blake Snell P Walker Buehler OF Nicholas Castellanos 2B Brendan Rodgers OF Josh Reddick C Jorge Alfaro 1B Mark Reynolds SS Addison Russell 3B Yuli Gurriel OF Garrett Cooper,,Tim Anderson,SS,2.86%,11
112,1511783753,thejacques,0,70.95,P Blake Snell P Kevin Gausman OF Austin Meadows OF Tommy Pham 3B Brian Anderson C Jorge Alfaro SS Willy Adames OF Harold Ramírez 1B Garrett Cooper 2B Starlin Castro,,Maikel Franco,3B,2.86%,16
113,1511871731,lajamesdaking,3,70.55,P Blake Snell P Glenn Sparkman 1B Cody Bellinger 3B Nolan Arenado OF Austin Riley OF Ian Desmond C Kurt Suzuki OF Jason Heyward SS Miguel Rojas 2B Starlin Castro,,Freddy Galvis,SS,2.86%,5
114,1511742675,FairfaxSlim,3,70.35,P Pablo López P Glenn Sparkman OF Austin Meadows SS Adalberto Mondesi 3B Hunter Dozier 1B Renato Núñez OF Trey Mancini OF Alex Gordon 2B Brandon Lowe C Will Smith,,Dansby Swanson,SS,2.86%,0
115,1511753738,Comeonyaback,3,70.2,P Blake Snell P Pablo López 1B Renato Núñez OF Trey Mancini SS Jonathan Villar 2B Hanser Alberto OF Keon Broxton OF Josh Reddick 3B Yuli Gurriel C Will Smith,,Tony Kemp,2B,2.86%,2
116,1511848789,DaBumzzz,0,69.2,P Blake Snell P Pablo López 1B Freddie Freeman SS Dansby Swanson C Tyler Flowers 3B David Bote OF Derek Fisher OF Kyle Schwarber OF Billy Hamilton 2B Addison Russell,,Avisaíl García,OF,2.86%,11
117,1511809671,orangewinner28,6,68.4,P Blake Snell P Madison Bumgarner OF Tommy Pham 3B Matt Carpenter OF Derek Fisher 2B Nicky Lopez OF Josh Reddick 1B Ryan O'Hearn SS Amed Rosario C Will Smith,,Christin Stewart,OF,2.86%,0
118,1511848783,soxfanatic88,0,68,P Blake Snell P Robbie Ray OF Alex Gordon 3B Ildemaro Vargas OF Ian Desmond C Tyler Flowers 1B Ryan O'Hearn SS Willy Adames OF Garrett Cooper 2B Daniel Robertson,,Charlie Tilson,OF,2.86%,4
119,1511856555,RounderEgg,6,67.95,P Walker Buehler P Pablo López SS Eduardo Escobar 3B Nolan Arenado 1B Freddie Freeman 2B Ildemaro Vargas OF Nick Markakis OF Niko Goodrum OF Matt Beaty C Will Smith,,Amed Rosario,SS,2.86%,0
120,1511794168,MrMagicJensen,0,67.55,P Kevin Gausman P Robbie Ray OF Nicholas Castellanos SS Trea Turner OF Jorge Soler 3B Josh Donaldson OF Leury García 2B Hanser Alberto 1B Miguel Cabrera C Blake Swihart,,Eric Sogard,2B,2.86%,13
121,1511787201,greenterrot,0,66.15,P Blake Snell P Walker Buehler OF Austin Meadows OF Michael Brantley SS Addison Russell 1B Yuli Gurriel C John Hicks 2B Tony Kemp 3B Martín Prado OF Jonathan Davis,,Max Muncy,2B,2.86%,7
122,1511840766,YungDilly01,12,65.95,P Walker Buehler P Pablo López 1B Cody Bellinger 3B Kris Bryant OF Joc Pederson SS Corey Seager 2B Joe Panik OF Steven Duggar C Martín Maldonado OF Juan Lagares,,Ozzie Albies,2B,2.86%,3
123,1511846005,deeze,6,65.15,P Madison Bumgarner P Walker Buehler 3B Nolan Arenado SS Trevor Story OF Tim Locastro 2B Ildemaro Vargas 1B Mark Reynolds OF Jonathan Davis OF Juan Lagares C Will Smith,,José Abreu,1B,2.86%,18
124,1511811922,yobow,3,64.4,P Blake Snell P Madison Bumgarner SS Jonathan Villar OF Dwight Smith Jr. 3B Hanser Alberto OF Tony Kemp OF Matt Beaty 1B Tyler White 2B Yolmer Sánchez C Erik Kratz,,Miguel Rojas,SS,2.14%,5
125,1511761374,fletcher201224,9,64.2,P Blake Snell P Pablo López 1B Cody Bellinger C Willson Contreras OF Michael Conforto OF Alex Verdugo 3B David Bote OF Niko Goodrum SS Addison Russell 2B Starlin Castro,,Michael Conforto,OF,2.14%,2
126,1511845724,malvarado,0,64.15,P Blake Snell P Walker Buehler OF Nicholas Castellanos OF Michael Brantley 2B Hanser Alberto OF Niko Goodrum 3B Yuli Gurriel 1B Yonder Alonso C Martín Maldonado SS Richie Martin,,Anthony Rizzo,1B,2.14%,3
127,1511893985,LVISLANDERS,3,62.75,P Kevin Gausman P Pablo López OF Austin Meadows 3B Nolan Arenado SS Adalberto Mondesi OF Whit Merrifield OF Albert Almora Jr. 2B Nicky Lopez 1B Mark Reynolds C Will Smith,,Jean Segura,SS,2.14%,3
128,1511782659,Destroyer2016,0,59.55,P Kevin Gausman P Robbie Ray OF Andrew McCutchen SS Trea Turner 3B Josh Donaldson 2B Ronny Rodríguez 1B Paul Goldschmidt OF Victor Robles OF DJ Stewart C Buster Posey,,Austin Wynns,C,2.14%,2
129,1511807046,rcamer0n,0,58.95,P Blake Snell P Kevin Gausman OF Kris Bryant OF Alex Gordon OF Nicholas Castellanos 3B Maikel Franco 1B Yonder Alonso 2B Daniel Robertson SS Brandon Crawford C Martín Maldonado,,Juan Lagares,OF,2.14%,0
130,1511807208,Meddle0108,3,57.8,P Reynaldo López P Ryan Carpenter OF Cody Bellinger SS Eduardo Escobar OF Austin Meadows 3B Anthony Rendon 1B Freddie Freeman C J.T. Realmuto OF Dexter Fowler 2B Starlin Castro,,Yolmer Sánchez,2B,2.14%,8
131,1511780164,raidercookie,0,57.2,P Reynaldo López P Glenn Sparkman OF Austin Meadows 2B Jonathan Villar 1B Rhys Hoskins OF Tommy Pham SS Javier Báez C J.T. Realmuto OF Kevin Kiermaier 3B Hanser Alberto,,Brandon Drury,3B,2.14%,8
132,1511908127,foregolfing,6,56.15,P Blake Snell P Walker Buehler OF Leury García 2B Hanser Alberto SS Corey Seager 1B Niko Goodrum OF Derek Fisher OF Christin Stewart 3B Yuli Gurriel C Will Smith,,Joe Panik,2B,2.14%,3
133,1511764929,reedcat49,0,53.65,P Robbie Ray P Reynaldo López 1B Anthony Rizzo OF Kris Bryant SS Javier Báez 3B Alex Bregman OF Michael Brantley 2B David Bote OF Josh Reddick C Robinson Chirinos,,Yairo Muñoz,2B,2.14%,2
134,1511785651,petch091,0,51.75,P Walker Buehler P Robbie Ray 3B Eduardo Escobar OF Tim Locastro 2B Ildemaro Vargas OF Brian Anderson C Blake Swihart 1B Garrett Cooper OF Austin Dean SS Brandon Crawford,,Howie Kendrick,3B,2.14%,20
135,1511811349,Jamie2156,3,51.2,P Blake Snell P Pablo López SS Eduardo Escobar 1B Freddie Freeman OF Tim Locastro 3B Hanser Alberto OF Derek Fisher OF Blake Swihart 2B Yolmer Sánchez C Will Smith,,Willson Contreras,C,1.43%,2
136,1511873042,Tobiczyk5,3,47.65,P Robbie Ray P Reynaldo López OF Adam Jones 1B Freddie Freeman OF Ronald Acuña Jr. OF Tim Locastro SS Dansby Swanson 3B Austin Riley 2B Hanser Alberto C Will Smith,,Billy Hamilton,OF,1.43%,17
137,1511823981,ZeusBG,0,44.8,P Walker Buehler P Reynaldo López SS Eduardo Escobar OF Ronald Acuña Jr. 3B Yoán Moncada 2B Hanser Alberto 1B Ji-Man Choi OF Brian Anderson C Robinson Chirinos OF Austin Dean,,Paul DeJong,SS,1.43%,5
138,1511793544,pt57star,3,43.8,P Kevin Gausman P Wade Miley OF Adam Jones 2B Jonathan Villar OF Tim Locastro SS Nick Ahmed 1B Kevin Cron 3B Hanser Alberto C Austin Wynns OF Juan Lagares,,Dexter Fowler,OF,1.43%,0
139,1511806974,ojz777,3,42.15,P Blake Snell P Walker Buehler SS Eduardo Escobar OF Tim Locastro 3B Josh Donaldson OF Josh Reddick OF Harold Ramírez 1B Martín Prado 2B Starlin Castro C Will Smith,,Matt Carpenter,3B,1.43%,2
140,1511909200,IndyGlen,0,0,,,Tyler White,1B,1.43%,5
,,,,,,,Erik Kratz,C,1.43%,0
,,,,,,,JaCoby Jones,OF,1.43%,3
,,,,,,,Steven Duggar,OF,1.43%,5
,,,,,,,Carson Kelly,C,1.43%,22
,,,,,,,Rowdy Tellez,1B,1.43%,5
,,,,,,,Albert Almora Jr.,OF,1.43%,3
,,,,,,,Raimel Tapia,OF,1.43%,5
,,,,,,,Matt Adams,1B,1.43%,25
,,,,,,,Alex Verdugo,OF,0.71%,7
,,,,,,,Wilson Ramos,C,0.71%,0
,,,,,,,Kevin Pillar,OF,0.71%,0
,,,,,,,Danny Jansen,C,0.71%,4
,,,,,,,Victor Robles,OF,0.71%,7
,,,,,,,Ketel Marte,OF,0.71%,0
,,,,,,,Yadier Molina,C,0.71%,0
,,,,,,,Dwight Smith Jr.,OF,0.71%,0
,,,,,,,Dawel Lugo,3B,0.71%,3
,,,,,,,Mike Yastrzemski,OF,0.71%,0
,,,,,,,Pete Alonso,1B,0.71%,32
,,,,,,,Aníbal Sánchez,P,0.71%,30.3
,,,,,,,Trent Thornton,P,0.71%,8.5
,,,,,,,Adeiny Hechavarría,SS,0.71%,12
,,,,,,,Justin Smoak,1B,0.71%,8
,,,,,,,Nolan Gorman,3B,0.71%,0
,,,,,,,Matt Wieters,C,0.71%,23
,,,,,,,David Dahl,OF,0.71%,10
,,,,,,,Pablo Sandoval,3B,0.71%,3
