2020,2019,2018,2017,2016,,
2020-09-13,2019-09-08,2018-09-09,2017-09-10,2016-09-11,,
2020-09-20,2019-09-15,2018-09-16,2017-09-17,2016-09-18,,
2020-09-27,2019-09-22,2018-09-23,2017-09-24,2016-09-25,,
2020-10-04,2019-09-29,2018-09-30,2017-10-01,2016-10-02,,
2020-10-11,2019-10-06,2018-10-07,2017-10-08,2016-10-09,,
2020-10-18,2019-10-13,2018-10-14,2017-10-15,2016-10-16,,
2020-10-25,2019-10-20,2018-10-21,2017-10-22,2016-10-23,,
2020-11-01,2019-10-27,2018-10-28,2017-10-29,2016-10-30,,
2020-11-08,2019-11-03,2018-11-04,2017-11-05,2016-11-06,,
2020-11-15,2019-11-10,2018-11-11,2017-11-12,2016-11-13,,
2020-11-22,2019-11-17,2018-11-18,2017-11-19,2016-11-20,,
2020-11-29,2019-11-24,2018-11-25,2017-11-26,2016-11-27,,
2020-12-06,2019-12-01,2018-12-02,2017-12-03,2016-12-04,,
2020-12-13,2019-12-08,2018-12-09,2017-12-10,2016-12-11,,
2020-12-20,2019-12-15,2018-12-16,2017-12-17,2016-12-18,,
2020-12-27,2019-12-22,2018-12-23,2017-12-24,2016-12-25,,
2021-01-03,2019-12-29,2018-12-30,2017-12-31,2017-01-01,,
