﻿Rank,EntryId,EntryName,TimeRemaining,Points,Lineup,,Player,Roster Position,%Drafted,FPTS
1,1511853467,jimmyballgame47,0,127.55,P John Means P Jeff Hoffman OF Austin Meadows SS Adalberto Mondesi 1B Renato Núñez OF Bryce Harper 3B Matt Carpenter 2B Leury García OF David Dahl C Buster Posey,,Blake Snell,P,42.00%,14.7
2,1511870566,mr.forty4,0,122.25,P Blake Snell P Wade Miley OF Alex Gordon 3B Ildemaro Vargas OF Keon Broxton SS Brendan Rodgers 2B Nicky Lopez C Jorge Alfaro 1B Yonder Alonso OF Garrett Cooper,,Pablo López,P,34.00%,18.5
3,1511795355,habiibyare,0,121.2,P Blake Snell P Pablo López SS Trevor Story OF Alex Gordon OF Tommy Pham OF Kevin Kiermaier 3B Brian Anderson C Jorge Alfaro 1B Garrett Cooper 2B Starlin Castro,,Will Smith,C,22.00%,0
4,1511816680,chrisw8,0,118.95,P Walker Buehler P Pablo López OF Kris Bryant OF Andrew McCutchen 3B Austin Riley OF Michael Brantley 2B Hanser Alberto 1B Miguel Cabrera SS Addison Russell C John Hicks,,Walker Buehler,P,20.00%,8.45
5,1511854560,packerbackerdale,0,118.85,P Robbie Ray P Wade Miley 2B Whit Merrifield 1B Rhys Hoskins OF Bryce Harper OF Jorge Soler C James McCann OF Kevin Pillar SS Freddy Galvis 3B Yuli Gurriel,,Jonathan Villar,SS,20.00%,2
6,1511867933,nmorgan1,0,116.2,P John Means P Pablo López 1B Anthony Rizzo OF Kris Bryant 3B Alex Bregman C J.T. Realmuto OF Bryce Harper 2B Ozzie Albies OF Nick Markakis SS Eric Sogard,,Hanser Alberto,2B,20.00%,3
7,1511871035,albear51,3,116.15,P Kyle Hendricks P Reynaldo López SS Adalberto Mondesi 3B Hunter Dozier 1B José Abreu OF Nicholas Castellanos OF Michael Brantley 2B Leury García C Buster Posey OF Matt Beaty,,Austin Riley,3B,18.00%,23
8,1511825142,gregoryoz,3,113.2,P Blake Snell P Pablo López 1B Renato Núñez OF Trey Mancini OF Andrew McCutchen 3B Ildemaro Vargas 2B Hanser Alberto OF Keon Broxton SS Richie Martin C Will Smith,,Freddie Freeman,1B,18.00%,0
9,1511814138,alcapone123,0,111.15,P Madison Bumgarner P Ryan Carpenter 2B Whit Merrifield SS Trevor Story 1B Renato Núñez 3B Austin Riley OF Jason Heyward OF Kyle Schwarber C Robinson Chirinos OF Harold Ramírez,,Reynaldo López,P,16.00%,0.35
10,1511850226,YungDilly01,0,111.1,P Kevin Gausman P Jeff Hoffman 1B Freddie Freeman SS Trevor Story 3B Austin Riley OF Bryce Harper OF Kevin Kiermaier OF David Dahl 2B Brendan Rodgers C Buster Posey,,Eduardo Escobar,SS,16.00%,0
11,1511881838,ndesmarais15,6,108.25,P Blake Snell P Aaron Nola SS Trevor Story OF Raimel Tapia OF Ian Desmond 2B Brendan Rodgers 1B Mark Reynolds OF Carlos Gómez 3B Todd Frazier C Martín Maldonado,,Aaron Nola,P,16.00%,29.55
12,1511873206,hawgtcd,3,106.25,P Blake Snell P Aaron Nola 2B Brandon Lowe OF Austin Riley 1B Paul Goldschmidt OF Nick Markakis OF Ian Desmond SS Miguel Rojas 3B Brandon Drury C Will Smith,,Brian Anderson,3B,14.00%,5
13,1511862690,Tippi,0,104.65,P Robbie Ray P Reynaldo López 3B Eduardo Escobar OF Austin Meadows 1B Renato Núñez OF Avisaíl García OF Austin Riley C Jorge Alfaro SS Addison Russell 2B Lourdes Gurriel Jr.,,Trey Mancini,1B,14.00%,4
14,1511874437,Mstockton1,3,102.8,P Robbie Ray P Trent Thornton SS Javier Báez C J.T. Realmuto OF Austin Riley OF Bryce Harper OF Michael Conforto 1B Matt Carpenter 2B Lourdes Gurriel Jr. 3B Yuli Gurriel,,Austin Meadows,OF,14.00%,14
15,1511821199,orangewinner28,3,102.2,P Blake Snell P Pablo López 1B Rhys Hoskins SS Jean Segura 3B Alex Bregman OF Bryce Harper OF Derek Fisher 2B Nicky Lopez OF Josh Reddick C Will Smith,,Ronald Acuña Jr.,OF,14.00%,0
16,1511822218,MINMAN,0,99,P Walker Buehler P Wade Miley OF Marcell Ozuna SS Jean Segura 1B Brandon Dixon OF Nicholas Castellanos OF Mike Yastrzemski C Robinson Chirinos 2B Lourdes Gurriel Jr. 3B Yuli Gurriel,,Bryce Harper,OF,14.00%,30
17,1511889039,bkbroiler,0,98.05,P Aaron Nola P Pablo López 1B Freddie Freeman SS Javier Báez 3B Alex Bregman C J.T. Realmuto OF Bryce Harper OF Derek Fisher OF Josh Reddick 2B Tony Kemp,,Yuli Gurriel,3B,14.00%,0
18,1511852665,Patcon03,0,97.05,P Aaron Nola P Pablo López OF Austin Meadows 1B Freddie Freeman 2B Jonathan Villar 3B Yoán Moncada OF Keon Broxton C Chris Iannetta SS Addison Russell OF Jonathan Davis,,Nick Markakis,OF,14.00%,0
19,1511825841,Mayrie,0,96.25,P Blake Snell P Aaron Nola OF Kevin Kiermaier 2B César Hernández 3B Hanser Alberto OF Jake Marisnick C Blake Swihart OF Randal Grichuk SS Brandon Crawford 1B Tyler White,,Addison Russell,SS,12.00%,0
20,1511850065,Zmanbamafan,3,95.15,P Madison Bumgarner P Walker Buehler 1B Max Muncy OF Leury García OF Scott Kingery 2B Brendan Rodgers C Kurt Suzuki OF Charlie Tilson SS Freddy Galvis 3B Brandon Drury,,Keon Broxton,OF,12.00%,14
21,1511835962,dchhim,0,94.2,P Blake Snell P Pablo López 1B Renato Núñez 2B Jonathan Villar 3B Hanser Alberto OF Kyle Schwarber OF Christin Stewart C Jorge Alfaro SS Willy Adames OF Harold Ramírez,,Trevor Story,SS,10.00%,16
22,1511879475,Aus1040,3,93.25,P Blake Snell P Aaron Nola OF Austin Riley OF Michael Brantley OF Nick Markakis 2B Brendan Rodgers 1B Ji-Man Choi SS Addison Russell 3B Yuli Gurriel C Will Smith,,Tommy Pham,OF,10.00%,13
23,1511867417,mds1080,0,88.1,P Kyle Hendricks P Robbie Ray OF Andrew McCutchen SS Nick Ahmed 2B Ronny Rodríguez 1B Matt Carpenter OF JaCoby Jones OF Niko Goodrum C Blake Swihart 3B Dawel Lugo,,Jorge Alfaro,C,10.00%,16
24,1511829312,pink55,0,87.8,P Kevin Gausman P Wade Miley SS Tim Anderson OF Tommy Pham OF Avisaíl García C James McCann 1B Paul Goldschmidt 3B Brian Anderson OF Harold Ramírez 2B Lourdes Gurriel Jr.,,Garrett Cooper,1B,10.00%,2
25,1511883528,glag127,0,86.85,P Pablo López P Reynaldo López 1B Freddie Freeman OF Ronald Acuña Jr. 3B Yoán Moncada OF Tommy Pham 2B Brandon Lowe C J.T. Realmuto SS Trea Turner OF Nick Markakis,,John Means,P,10.00%,23.7
26,1511845954,Tobiczyk5,3,84.95,P Walker Buehler P Pablo López 2B Jonathan Villar 1B Rhys Hoskins OF Andrew McCutchen SS Jean Segura 3B Hanser Alberto OF DJ Stewart OF Keon Broxton C Will Smith,,Blake Swihart,C,10.00%,7
27,1511895516,duma1300,0,83.05,P Aaron Nola P Pablo López 3B Nolan Arenado OF Ronald Acuña Jr. 2B Jonathan Villar OF Raimel Tapia C Tyler Flowers 1B Niko Goodrum OF Kyle Schwarber SS Addison Russell,,Ildemaro Vargas,2B,10.00%,12
28,1511876416,ndogg78,3,82.4,P Blake Snell P Madison Bumgarner 2B Brandon Dixon OF Nicholas Castellanos 1B Miguel Cabrera OF Niko Goodrum OF Christin Stewart 3B Maikel Franco SS Richie Martin C Will Smith,,Ian Desmond,OF,10.00%,9
29,1511797534,winnersedge16,0,81.05,P Blake Snell P Reynaldo López 3B Nolan Arenado SS Trevor Story 2B Ildemaro Vargas OF Ian Desmond OF Eloy Jiménez C Blake Swihart OF Austin Dean 1B Tyler White,,Ji-Man Choi,1B,10.00%,5
30,1511896030,MIKET777,0,80.25,P Blake Snell P Aaron Nola OF Austin Meadows OF Niko Goodrum 2B Joe Panik C Robinson Chirinos SS Willy Adames OF Harold Ramírez 1B Yuli Gurriel 3B Martín Prado,,Renato Núñez,1B,10.00%,12
31,1511814972,simms1981,0,79.95,P Walker Buehler P Pablo López 3B Eduardo Escobar OF Trey Mancini SS Jonathan Villar OF Tommy Pham 1B Kevin Cron OF Harold Ramírez C Martín Maldonado 2B Starlin Castro,,Kyle Schwarber,OF,10.00%,16
32,1511892497,torkelson,3,76.3,P Glenn Sparkman P Ryan Carpenter OF Ketel Marte 3B Anthony Rendon OF Joc Pederson 1B Hunter Dozier OF Juan Soto SS Javier Báez 2B Leury García C Yadier Molina,,Harold Ramírez,OF,10.00%,5
33,1511900590,optimisticlionsfan,0,76.2,P Blake Snell P Pablo López OF Tim Locastro SS Javier Báez OF Nicholas Castellanos OF Michael Brantley 3B Hanser Alberto 1B Miguel Cabrera C Austin Wynns 2B Starlin Castro,,Wade Miley,P,10.00%,25.55
34,1511825953,Gmen317,3,74.2,P Blake Snell P Pablo López OF Austin Meadows SS Jonathan Villar 2B Brandon Lowe OF JaCoby Jones 1B Ji-Man Choi OF Derek Fisher 3B Brian Anderson C Will Smith,,Lourdes Gurriel Jr.,2B,10.00%,21
35,1511796069,SSchus87,0,73.15,P Walker Buehler P John Means OF Whit Merrifield 1B Trey Mancini SS Jonathan Villar 2B Hanser Alberto 3B Brian Anderson C Blake Swihart OF Garrett Cooper OF Austin Dean,,Brendan Rodgers,2B,10.00%,11
36,1511804635,Buffwitstuff,3,72.85,P Pablo López P Reynaldo López OF Cody Bellinger SS Eduardo Escobar OF Austin Meadows 3B Nolan Arenado OF Ronald Acuña Jr. 1B Ji-Man Choi C Jorge Alfaro 2B Starlin Castro,,Buster Posey,C,10.00%,7
37,1511890944,lilcoochieroll,0,72.75,P Blake Snell P Génesis Cabrera SS Eduardo Escobar OF Austin Riley OF Raimel Tapia 2B Joe Panik OF Brian Anderson C Buster Posey 1B Garrett Cooper 3B Miguel Rojas,,Robbie Ray,P,10.00%,7.3
38,1511835146,NAPPERS2636,0,72.15,P Blake Snell P Walker Buehler OF DJ Stewart 3B David Bote C Chris Iannetta OF Mike Yastrzemski OF Kyle Schwarber SS Willy Adames 2B Lourdes Gurriel Jr. 1B Garrett Cooper,,Javier Báez,SS,10.00%,5
39,1511896094,steverson7,3,72,P Wade Miley P Ryan Carpenter 3B Eduardo Escobar SS Adalberto Mondesi OF Joc Pederson OF Tim Locastro 1B Kevin Cron 2B Ildemaro Vargas OF Ian Desmond C Martín Maldonado,,Niko Goodrum,OF,10.00%,5
40,1511863570,melmarco,3,71.4,P Blake Snell P John Means 1B Hunter Dozier OF Trey Mancini SS Jonathan Villar 2B Hanser Alberto OF DJ Stewart OF Keon Broxton 3B Martín Prado C Will Smith,,Kevin Kiermaier,OF,8.00%,16
40,1511866006,POWER5LAVE,3,71.4,P Blake Snell P John Means 1B Trey Mancini OF Alex Gordon SS Javier Báez OF Albert Almora Jr. OF Eloy Jiménez 2B Joe Panik 3B Brian Anderson C Will Smith,,Starlin Castro,2B,8.00%,12
42,1511870256,RounderEgg,6,67.95,P Walker Buehler P Pablo López SS Eduardo Escobar 3B Nolan Arenado 1B Freddie Freeman 2B Ildemaro Vargas OF Nick Markakis OF Niko Goodrum OF Matt Beaty C Will Smith,,Nolan Arenado,3B,8.00%,7
43,1511811923,yobow,3,64.4,P Blake Snell P Madison Bumgarner SS Jonathan Villar OF Dwight Smith Jr. 3B Hanser Alberto OF Tony Kemp OF Matt Beaty 1B Tyler White 2B Yolmer Sánchez C Erik Kratz,,Madison Bumgarner,P,8.00%,12.7
44,1511842478,BIGtymah95,0,58.95,P Walker Buehler P Trent Thornton 1B Freddie Freeman 3B Josh Donaldson 2B Ronny Rodríguez OF Nick Markakis OF Ian Desmond OF Brandon Belt C Blake Swihart SS Brandon Crawford,,Ryan Carpenter,P,8.00%,8.45
45,1511878081,LaneGretz,6,53.05,P Blake Snell P Reynaldo López 1B Freddie Freeman OF Ronald Acuña Jr. OF Kevin Kiermaier 3B Justin Turner SS Corey Seager OF Josh Reddick 2B Daniel Robertson C Erik Kratz,,Robinson Chirinos,C,8.00%,2
46,1511870942,jimmyw81,3,52.85,P Pablo López P Reynaldo López SS Eduardo Escobar OF Adam Jones 1B Trey Mancini 2B Jonathan Villar OF Tim Locastro OF Keon Broxton C Wilson Ramos 3B Yuli Gurriel,,Andrew McCutchen,OF,8.00%,28
47,1511862832,BRUCEWILLIS,0,50.3,P Kevin Gausman P Génesis Cabrera OF Adam Jones 1B Freddie Freeman OF Trey Mancini 3B Pablo Sandoval 2B Joe Panik OF Kyle Schwarber SS Eric Sogard C Buster Posey,,Michael Brantley,OF,8.00%,10
48,1511869720,Fletaboc24,0,49.7,P Kevin Gausman P Ryan Carpenter 1B Freddie Freeman OF Ronald Acuña Jr. SS Dansby Swanson OF Tommy Pham 3B Alex Bregman OF Austin Riley C John Hicks 2B Tony Kemp,,Alex Bregman,3B,8.00%,7
49,1511835096,ZeusBG,0,44.8,P Walker Buehler P Reynaldo López SS Eduardo Escobar OF Ronald Acuña Jr. 3B Yoán Moncada 2B Hanser Alberto 1B Ji-Man Choi OF Brian Anderson C Robinson Chirinos OF Austin Dean,,Nicholas Castellanos,OF,8.00%,11
50,1511869001,DIDNTCTHATCOMING,3,44,P Blake Snell P Robbie Ray OF Austin Meadows OF Ronald Acuña Jr. OF Nick Markakis 1B Ji-Man Choi SS Addison Russell 3B Yuli Gurriel 2B Daniel Robertson C Will Smith,,Kevin Gausman,P,8.00%,-17.75
,,,,,,,Leury García,OF,8.00%,13
,,,,,,,Joe Panik,2B,8.00%,3
,,,,,,,J.T. Realmuto,C,8.00%,4
,,,,,,,Alex Gordon,OF,6.00%,8
,,,,,,,Whit Merrifield,OF,6.00%,13
,,,,,,,Austin Dean,OF,6.00%,5
,,,,,,,Tyler White,1B,6.00%,5
,,,,,,,Tony Kemp,OF,6.00%,2
,,,,,,,Matt Beaty,OF,6.00%,17
,,,,,,,Martín Maldonado,C,6.00%,5
,,,,,,,Miguel Cabrera,1B,6.00%,0
,,,,,,,Rhys Hoskins,1B,6.00%,8
,,,,,,,Jean Segura,SS,6.00%,3
,,,,,,,Derek Fisher,OF,6.00%,0
,,,,,,,Josh Reddick,OF,6.00%,2
,,,,,,,Brandon Lowe,2B,6.00%,12
,,,,,,,Yoán Moncada,3B,6.00%,16
,,,,,,,DJ Stewart,OF,6.00%,0
,,,,,,,Willy Adames,SS,6.00%,7
,,,,,,,Adalberto Mondesi,SS,6.00%,0
,,,,,,,Matt Carpenter,3B,6.00%,2
,,,,,,,Hunter Dozier,1B,6.00%,10
,,,,,,,Tim Locastro,OF,6.00%,0
,,,,,,,Raimel Tapia,OF,6.00%,5
,,,,,,,Eloy Jiménez,OF,4.00%,5
,,,,,,,Erik Kratz,C,4.00%,0
,,,,,,,Kevin Cron,1B,4.00%,12
,,,,,,,Kris Bryant,OF,4.00%,14
,,,,,,,John Hicks,C,4.00%,14
,,,,,,,Nicky Lopez,2B,4.00%,19
,,,,,,,Brandon Dixon,1B,4.00%,16
,,,,,,,Mike Yastrzemski,OF,4.00%,0
,,,,,,,Richie Martin,SS,4.00%,7
,,,,,,,Brandon Crawford,SS,4.00%,5
,,,,,,,JaCoby Jones,OF,4.00%,3
,,,,,,,Avisaíl García,OF,4.00%,11
,,,,,,,James McCann,C,4.00%,9
,,,,,,,Paul Goldschmidt,1B,4.00%,5
,,,,,,,Chris Iannetta,C,4.00%,0
,,,,,,,Christin Stewart,OF,4.00%,0
,,,,,,,Trent Thornton,P,4.00%,8.5
,,,,,,,Ronny Rodríguez,2B,4.00%,0
,,,,,,,Freddy Galvis,SS,4.00%,5
,,,,,,,Brandon Drury,3B,4.00%,8
,,,,,,,Jeff Hoffman,P,4.00%,15.85
,,,,,,,David Dahl,OF,4.00%,10
,,,,,,,Génesis Cabrera,P,4.00%,8.05
,,,,,,,Adam Jones,OF,4.00%,14
,,,,,,,Eric Sogard,SS,4.00%,13
,,,,,,,Martín Prado,3B,4.00%,0
,,,,,,,Kyle Hendricks,P,4.00%,29.8
,,,,,,,Daniel Robertson,2B,4.00%,3
,,,,,,,Miguel Rojas,SS,4.00%,5
,,,,,,,Joc Pederson,OF,4.00%,0
,,,,,,,Cody Bellinger,OF,2.00%,0
,,,,,,,Dwight Smith Jr.,OF,2.00%,0
,,,,,,,Yolmer Sánchez,2B,2.00%,8
,,,,,,,Jason Heyward,OF,2.00%,3
,,,,,,,Marcell Ozuna,OF,2.00%,12
,,,,,,,César Hernández,2B,2.00%,12
,,,,,,,Jake Marisnick,OF,2.00%,0
,,,,,,,Randal Grichuk,OF,2.00%,4
,,,,,,,Tim Anderson,SS,2.00%,11
,,,,,,,David Bote,3B,2.00%,3
,,,,,,,Josh Donaldson,3B,2.00%,0
,,,,,,,Brandon Belt,OF,2.00%,21
,,,,,,,Max Muncy,1B,2.00%,7
,,,,,,,Scott Kingery,OF,2.00%,21
,,,,,,,Kurt Suzuki,C,2.00%,5
,,,,,,,Charlie Tilson,OF,2.00%,4
,,,,,,,Jonathan Davis,OF,2.00%,3
,,,,,,,Jorge Soler,OF,2.00%,21
,,,,,,,Kevin Pillar,OF,2.00%,0
,,,,,,,Pablo Sandoval,3B,2.00%,3
,,,,,,,Albert Almora Jr.,OF,2.00%,3
,,,,,,,Nick Ahmed,SS,2.00%,3
,,,,,,,Dawel Lugo,3B,2.00%,3
,,,,,,,Anthony Rizzo,1B,2.00%,3
,,,,,,,Ozzie Albies,2B,2.00%,3
,,,,,,,Dansby Swanson,SS,2.00%,0
,,,,,,,Yonder Alonso,1B,2.00%,0
,,,,,,,Wilson Ramos,C,2.00%,0
,,,,,,,José Abreu,1B,2.00%,18
,,,,,,,Michael Conforto,OF,2.00%,2
,,,,,,,Maikel Franco,3B,2.00%,16
,,,,,,,Justin Turner,3B,2.00%,5
,,,,,,,Corey Seager,SS,2.00%,12
,,,,,,,Mark Reynolds,1B,2.00%,6
,,,,,,,Carlos Gómez,OF,2.00%,0
,,,,,,,Todd Frazier,3B,2.00%,12
,,,,,,,Trea Turner,SS,2.00%,23
,,,,,,,Glenn Sparkman,P,2.00%,-8.15
,,,,,,,Ketel Marte,OF,2.00%,0
,,,,,,,Anthony Rendon,3B,2.00%,19
,,,,,,,Juan Soto,OF,2.00%,29
,,,,,,,Yadier Molina,C,2.00%,0
,,,,,,,Tyler Flowers,C,2.00%,0
,,,,,,,Austin Wynns,C,2.00%,2
